{"assets/.DS_Store":["assets/.DS_Store"],"assets/Yoma.png":["assets/Yoma.png"],"assets/aya.png":["assets/aya.png"],"assets/cbbank.png":["assets/cbbank.png"],"assets/hotsale.png":["assets/hotsale.png"],"assets/kbz.png":["assets/kbz.png"],"assets/kpay.png":["assets/kpay.png"],"assets/logo.png":["assets/logo.png"],"packages/cupertino_icons/assets/CupertinoIcons.ttf":["packages/cupertino_icons/assets/CupertinoIcons.ttf"],"packages/custom_full_image_screen/assets/default_image.png":["packages/custom_full_image_screen/assets/default_image.png"],"packages/font_awesome_flutter/lib/fonts/fa-brands-400.ttf":["packages/font_awesome_flutter/lib/fonts/fa-brands-400.ttf"],"packages/font_awesome_flutter/lib/fonts/fa-regular-400.ttf":["packages/font_awesome_flutter/lib/fonts/fa-regular-400.ttf"],"packages/font_awesome_flutter/lib/fonts/fa-solid-900.ttf":["packages/font_awesome_flutter/lib/fonts/fa-solid-900.ttf"]}